id,title,description,availability,condition,price,link,image_link,additional_image_link,brand,product_type,custom_label_0,custom_label_1,custom_label_2,custom_label_3,custom_label_4,custom_number_0,custom_number_1,custom_number_2,next_departure
371,Singlereis Antwerpen,Ga mee op singlereis naar Antwerpen en vier de feestdagen bij onze zuiderburen! Te boeken voor zowel een gezellige kerst als een feestelijk oud & nieuw!,in stock,new,679.00 EUR,https://www.estivant.nl/singlereizen/belgie/antwerpen-feestdagen/,https://www.estivant.nl/media/sohhuaje/istock-2222337572-2.jpg?width=1440&height=775&v=1dd410ab25a6590,"https://www.estivant.nl/media/5dro3r31/estivant-antwerpen-by-joyce-goverde-88.jpg,https://www.estivant.nl/media/wqrbms4n/estivant-antwerpen-by-joyce-goverde-94-1.jpg,https://www.estivant.nl/media/tpvl4myz/estivant-antwerpen-by-joyce-goverde-7.jpg,https://www.estivant.nl/media/dm5d21lv/shutterstock_557525077-antwerp.jpg,https://www.estivant.nl/media/5wqbj54e/estivant-antwerpen-by-joyce-goverde-80-1.jpg,https://www.estivant.nl/media/loebwxjb/winter-in-antwerpen__50ec2fc8-25d5-4319-bfbdd926c85ae04a.jpg,https://www.estivant.nl/media/rgjnkocg/winter-in-antwerpen__109b7def-8c0f-4409-a1f7273f75d62227.jpg,https://www.estivant.nl/media/tlxmiox1/istock-1281451068.jpg,https://www.estivant.nl/media/ihobcgdw/estivant-antwerpen-by-joyce-goverde-29-1.jpg,https://www.estivant.nl/media/umsjyz21/brouwerij-de-koninck.jpg",Estivant,Singlereis > België > Stedentrips,Singlereis,Stedentrips,,België,"40-59 jaar, 50-69 jaar",679,,,
370,Singlereis Gent,"Vier de feestdagen in Gent tijdens onze singlereis. Ontdek de kerstmarkt, vele biercafe's en de ijsbaan. Kies voor een gezellige kerst of knallend oud & nieuw!",in stock,new,669.00 EUR,https://www.estivant.nl/singlereizen/belgie/gent-feestdagen/,https://www.estivant.nl/media/2r5hsu0a/pexels-dylan-chan-2880813-30427221-1.jpg?width=1440&height=775&v=1dd2503ced75110,"https://www.estivant.nl/media/tp3d55h2/istock-629806278.jpg,https://www.estivant.nl/media/hfoigtiz/istock-2210674260.jpg,https://www.estivant.nl/media/kbcjjq1m/whatsapp-image-2026-01-05-at-131314.jpeg,https://www.estivant.nl/media/oz3clw23/visitreeks215-dt17223.jpg,https://www.estivant.nl/media/xbpjfud2/vuurwerk_4.jpg,https://www.estivant.nl/media/fhqhy5xd/istock-519213902.jpg,https://www.estivant.nl/media/uf2luwrt/visitreeks400-dt26770.jpg,https://www.estivant.nl/media/wdlfkybs/pexels-emre-hayit-949278713-29892248.jpg,https://www.estivant.nl/media/1cefyaxn/visitreeks215-dt17233.jpg,https://www.estivant.nl/media/c5wjvcmb/whatsapp-image-2026-01-05-at-131313.jpeg",Estivant,Singlereis > België > Stedentrips,Singlereis,Stedentrips,,België,"30-49 jaar, 40-59 jaar",669,,,
372,Singlereis Berlijn,Ga mee op singlereis naar Berlijn en vier de feestdagen in deze bruisende stad. Kies je voor een gezellige kerst of knallend oud & nieuw?,in stock,new,669.00 EUR,https://www.estivant.nl/singlereizen/duitsland/berlijn-feestdagen/,"https://www.estivant.nl/media/fgfnzjm4/berliner_weihnachtszeit18_c_visitberlin_foto_dagmar_schwelle.jpg?rxy=0.4824561403508772,0.5163562895951391&width=1440&height=775&v=1dd24bba3180e90","https://www.estivant.nl/media/uejfin2d/istock-1454026145.jpg,https://www.estivant.nl/media/atelwjlo/istock-504384970.jpg,https://www.estivant.nl/media/fpecicde/istock-989484998.jpg,https://www.estivant.nl/media/2csbfrsl/estivant-berlijn-def-130.jpg,https://www.estivant.nl/media/e4qg1idg/eisbahn_b_weihnachtszeit36_c_visitberlin_foto_dagmar_schwelle.jpg,https://www.estivant.nl/media/jwlpxtq1/istock-1272084793.jpg,https://www.estivant.nl/media/dpgpylgb/istock-889473148.jpg,https://www.estivant.nl/media/p3uoisju/estivant-berlijn-def-46.jpg,https://www.estivant.nl/media/xbubotcr/estivant-berlijn-def-127.jpg,https://www.estivant.nl/media/4ldgvxhy/istock-469790753.jpg",Estivant,Singlereis > Duitsland > Stedentrips,Singlereis,Stedentrips,,Duitsland,"30-49 jaar, 40-59 jaar",669,,,
432,Singlereis Keulen,Ga mee op singlereis naar Keulen en vier de feestdagen op echt Duitse wijze. De kerstmarkten van Keulen behoren tot de bekendste ter wereld!,in stock,new,629.00 EUR,https://www.estivant.nl/singlereizen/duitsland/keulen-feestdagen/,https://www.estivant.nl/media/h3kpbdp3/pexels-darku-1176844802-31311805.jpg?width=1440&height=775&v=1dd24c0da22fdf0,"https://www.estivant.nl/media/pajjwmxx/carindeben-photography_223-1.jpg,https://www.estivant.nl/media/ze0lgqfj/webp-3.jpg,https://www.estivant.nl/media/vciigd23/webp-2.jpg,https://www.estivant.nl/media/qahlrvzk/pexels-pixabay-415580.jpg,https://www.estivant.nl/media/h3xn1cto/carindeben-photography_336-1.jpg,https://www.estivant.nl/media/ydrp4w3b/600955262_1290553306433670_2321838914339790052_n.jpg,https://www.estivant.nl/media/kyyb5vcm/webp-4.jpg,https://www.estivant.nl/media/uavbryy2/595590321_1279685187520482_2847096276830023252_n.jpg,https://www.estivant.nl/media/uhrdsoux/1af5f012953afe4de4c8012d5073ab74.jpg,https://www.estivant.nl/media/qdti3ded/pexels-rawnato-18883682.jpg",Estivant,Singlereis > Duitsland > Stedentrips,Singlereis,Stedentrips,,Duitsland,"40-59 jaar, 50-69 jaar",629,,,
380,Singlereis El Gouna,Ga mee op singlereis naar El Gouna in Egypte. Ontsnap aan de winterkou in Nederland en geniet van deze winterzon vakantie!,in stock,new,1319.00 EUR,https://www.estivant.nl/singlereizen/egypte/el-gouna/,https://www.estivant.nl/media/1ikgzv0u/istock-1320488659-1.jpg?width=1440&height=775&v=1dd1e89fda4c610,"https://www.estivant.nl/media/yy0ddjwd/img_1721-1.jpg,https://www.estivant.nl/media/ngkgqak0/img_2534-1.jpg,https://www.estivant.nl/media/4djkajua/ice-422285-114785893-282522.jpg,https://www.estivant.nl/media/15vdxxfl/719f3fdb-ea6e-4351-8731-4bc04628e854-1.jpg,https://www.estivant.nl/media/ocucro2z/istock-157569311.jpg,https://www.estivant.nl/media/2hxkopxl/schermafbeelding-2025-07-01-124113.jpg,https://www.estivant.nl/media/5xggk0yn/istock-694428980.jpg,https://www.estivant.nl/media/nlpayhot/pexels-freestockpro-1540108.jpg,https://www.estivant.nl/media/bdvbqrzw/estivant-single-vakantie-reis-epirus-boot-4-1.jpg,https://www.estivant.nl/media/qgblw5py/kite-surfing-7244337.jpg",Estivant,Singlereis > Egypte > Winterzon,Singlereis,Winterzon,Winter,Egypte,"30-49 jaar, 40-59 jaar, 50-69 jaar",1319,,,
376,Singlereis Marilleva,"Ga met andere singles op wintersport in Marilleva. Ontdek Val di Sole en Trentino en geniet samen van skiën, sneeuw en gezelligheid.",in stock,new,1199.00 EUR,https://www.estivant.nl/singlereizen/italie/marilleva/,"https://www.estivant.nl/media/whwpgee0/marilleva-424-1.jpg?rxy=0.5012531328320802,0.5797830502983111&width=1440&height=775&v=1dd4b5449e826b0","https://www.estivant.nl/media/ioza0pm2/marilleva-407.jpg,https://www.estivant.nl/media/n2chjfnv/fotos-nerja-4.jpg,https://www.estivant.nl/media/vdlho4mf/marilleva-421.jpg,https://www.estivant.nl/media/0rsfjf5j/fotos-nerja-5.jpg,https://www.estivant.nl/media/jx1hkbrr/marilleva-176.jpg,https://www.estivant.nl/media/gxyamxts/marilleva-106.jpg,https://www.estivant.nl/media/tcafh1yj/582520728_18549742654022589_1674064302195288772_n-1.jpg,https://www.estivant.nl/media/hjhp1kdo/marilleva-224.jpg,https://www.estivant.nl/media/iy2fsuo0/marilleva-301-1.jpg,https://www.estivant.nl/media/25mj133a/marilleva-231.jpg",Estivant,Singlereis > Italië > Wintersport,Singlereis,Wintersport,Wintersport,Italië,"40-59 jaar, 50-69 jaar",1199,,,
369,Singlereis Groenlo,Ga mee op singlereis naar Groenlo en vier kerst in de Achterhoek. Inclusief halfpension én een feestelijk 5-gangendiner op eerste kerstdag. Altijd je eigen kamer!,in stock,new,696.00 EUR,https://www.estivant.nl/singlereizen/nederland/kerst-in-groenlo/,"https://www.estivant.nl/media/pn1iqz24/1-sng-fotoslider-745-x-400-groenlo.jpg?rxy=0.48872743197576796,0.7100122313755539&width=1440&height=775&v=1db2eba39de5b30","https://www.estivant.nl/media/1xwbo4y5/kerst-2023.jpeg,https://www.estivant.nl/media/n2ap1etn/kerstdiner-2024.jpeg,https://www.estivant.nl/media/ipld5wzv/8.jpg,https://www.estivant.nl/media/drfb53vf/55-estivant-single-vakantie-solo-groenlo-nederland-2023-cocktails.jpg,https://www.estivant.nl/media/yiwhnb45/spelletjes-doen-in-brouwershof.jpeg,https://www.estivant.nl/media/n2yhlmln/46-estivant-single-vakanties-reizen-solo-winter-kerst-nederland-groenlo-achterhoek-1.jpg,https://www.estivant.nl/media/2pgf2szs/pauze-tijdens-de-wandeling.jpeg,https://www.estivant.nl/media/pbzlzn1y/9.jpg,https://www.estivant.nl/media/jlxo10ge/50-estivant-single-vakantie-solo-groenlo-nederland-2023-reirinck.jpg,https://www.estivant.nl/media/yq2jto2u/wandelen.jpg",Estivant,Singlereis > Nederland > Wandelen,Singlereis,Wandelen,,Nederland,50-69 jaar,696,,,
379,Singlereis Kaprun - Zell am See,Ga mee op single wintersport naar Kaprun. Geschikt voor alle skiniveau's. Gegarandeerd: bruisende après-ski en sneeuw (gletsjer). Bekijk deze groepsreis!,in stock,new,1479.00 EUR,https://www.estivant.nl/singlereizen/oostenrijk/kaprun-zell-am-see/,"https://www.estivant.nl/media/wwilhhgi/img-20191206-wa0002.jpg?rxy=0.6227454680479122,0.4916499564069546&width=1440&height=775&v=1db31e9a89a7f40","https://www.estivant.nl/media/sregpwgt/estivant-single-vakantie-reis-wintersport-oostenrijk-kirchberg-2024-skilift-groep-1.jpg,https://www.estivant.nl/media/5sfjmxvn/estivant-vakanties-single-solo-reizen-zell-am-see-oostenrijk-wintersport-2023-groepsfoto-hek-piste-poseren.jpg,https://www.estivant.nl/media/dcfgd4fg/estivant-single-vakantie-wintersport-oostenrijk-kaprun-zell-am-see-hotel-votters-6.jpg,https://www.estivant.nl/media/pakh4w4x/estivant-single-solo-vakantie-reizen-oostenrijk-fieberbrunn-winter-5.jpg,https://www.estivant.nl/media/c3gpyqhx/estivant-single-vakantie-wintersport-oostenrijk-kirchberg-2024-lunch-1.jpg,https://www.estivant.nl/media/5gbnhtfw/estivant-vakanties-single-solo-reizen-zell-am-see-oostenrijk-wintersport-2023-35.jpg,https://www.estivant.nl/media/kxtbhzub/estivant-single-vakantie-wintersport-oostenrijk-kirchberg-2024-piste-ski.jpg,https://www.estivant.nl/media/aftbzuug/estivant-single-vakantie-wintersport-oostenrijk-kirchberg-2024-apres-ski-drankje-1.jpg,https://www.estivant.nl/media/blvmgemj/estivant-single-vakantie-wintersport-oostenrijk-kaprun-dorp.jpg,https://www.estivant.nl/media/ma4kdjfr/zell-am-see-bewerkt-284.jpg",Estivant,Singlereis > Oostenrijk > Wintersport,Singlereis,Wintersport,Wintersport,Oostenrijk,,1479,,,
381,Singlereis Mittersill,Ga mee op single wintersport naar Mittersill. Wissel verschillende skigebieden af vanuit ons gezellige hotel mét eigen bierbrouwerij! Bekijk deze groepsreis!,in stock,new,1499.00 EUR,https://www.estivant.nl/singlereizen/oostenrijk/mittersill/,"https://www.estivant.nl/media/vupbzupg/14-carindeben-photography_13.jpg?rxy=0.40726817042606517,0.4793233082706767&width=1440&height=775&v=1dd2a5216a04530","https://www.estivant.nl/media/j2gljxzt/331-carindeben-photography_330.jpg,https://www.estivant.nl/media/s2ugefk4/131-carindeben-photography_130.jpg,https://www.estivant.nl/media/jrmfghdi/31-dji_0235.jpg,https://www.estivant.nl/media/3alodoh1/2-dsc06303.jpg,https://www.estivant.nl/media/unsnn55m/58-carindeben-photography_57.jpg,https://www.estivant.nl/media/ledjxiks/estivant-vakantie-wintersport-mittersill-oostenrijk-3.jpg,https://www.estivant.nl/media/h3bf1i1v/glade-optics-ttgllnelbcc-unsplash.jpg,https://www.estivant.nl/media/rs3etez5/306-carindeben-photography_305.jpg,https://www.estivant.nl/media/3rydeef1/estivant-singlereizen-wintersport-mittersill-oostenrijk-10.jpg,https://www.estivant.nl/media/sh5hn23m/3-pano0001-2-pano.jpg",Estivant,Singlereis > Oostenrijk > Wintersport,Singlereis,Wintersport,Wintersport,Oostenrijk,"40-59 jaar, 50-69 jaar",1499,,,
377,Singlereis Niederau,Ga mee op single wintersport naar Niederau. Skigebied voor alle niveaus en een gezellig hotel inclusief halfpension. Bekijk deze singlereis naar Oostenrijk!,in stock,new,1099.00 EUR,https://www.estivant.nl/singlereizen/oostenrijk/niederau/,https://www.estivant.nl/media/zaxmgeef/2-skifahrer_blick_auf_alpbach_-ski_juwel_alpbachtal_wildschoenau.jpg?width=1440&height=775&v=1dd35f47a274830,"https://www.estivant.nl/media/vfwcxrbw/estivant-vakanties-single-solo-reizen-zell-am-see-oostenrijk-wintersport-2023-groepsfoto-vrolijk-boven-piste-sneeuw.jpg,https://www.estivant.nl/media/sslpyowj/istock-1068328106.jpg,https://www.estivant.nl/media/m42lidsa/istock-1447222494.jpg,https://www.estivant.nl/media/15bhpdx4/1-_ajz1420.jpg,https://www.estivant.nl/media/qaupni0q/estivant-single-vakantie-wintersport-oostenrijk-mayrhofen-20.jpg,https://www.estivant.nl/media/lx3ajxmm/estivant-single-vakantie-wintersport-oostenrijk-mayrhofen-2.jpg,https://www.estivant.nl/media/pbipzeyn/estivant-vakanties-single-solo-reizen-wintersport-4.jpg,https://www.estivant.nl/media/54kg0bl1/estivant-single-vakantie-reizen-itali%C3%AB-sellaronda-winter-2023-groepsfoto-uitzicht-bergen.jpg,https://www.estivant.nl/media/f25j1of3/estivant-singlevakantie-kaltenbach-hochzillertal-gondel.jpg,https://www.estivant.nl/media/rdedrsj3/estivant-vakanties-single-solo-reizen-zell-am-see-oostenrijk-wintersport-2023-skis-rek.jpg",Estivant,Singlereis > Oostenrijk > Wintersport,Singlereis,Wintersport,Wintersport,Oostenrijk,"40-59 jaar, 55-75 jaar",1099,,,
424,Singlereis Wagrain,"Ga mee op single wintersport naar Wagrain. Uitgebreid skigebied, hotel vlakbij de skilift en bruisende apres-ski om de hoek!",in stock,new,1399.00 EUR,https://www.estivant.nl/singlereizen/oostenrijk/wagrain/,"https://www.estivant.nl/media/1ycpsgb2/marilleva-292.jpg?rxy=0.47619047619047616,0.37941684909227713&width=1440&height=775&v=1dd2ee365fe4740","https://www.estivant.nl/media/yklbhkun/fieberbrunn-b-106.jpg,https://www.estivant.nl/media/vcablmek/estivant-singles-vakantie-reizen-oostenrijk-flachau-winter-2023-zon-skilift-groep.jpg,https://www.estivant.nl/media/tgsobvk1/173587642.jpg,https://www.estivant.nl/media/4add25nk/20200112_130129-1.jpg,https://www.estivant.nl/media/sbgdmoq2/dsc06267-1.jpg,https://www.estivant.nl/media/0stll1xh/20200113_123658.jpg,https://www.estivant.nl/media/fx0kjuwq/estivant-singles-vakantie-reizen-oostenrijk-flachau-winter-2023-skilift-groep.jpg,https://www.estivant.nl/media/5oxdpp0i/estivant-singles-vakantie-reizen-oostenrijk-flachau-winter-2023-funpark.jpg,https://www.estivant.nl/media/qavnfakr/estivant-singles-vakantie-reizen-oostenrijk-flachau-winter-2023-hofstadl-apresski-groep-gezellig.jpg,https://www.estivant.nl/media/3zufd5hq/20200114_123845.jpg",Estivant,Singlereis > Oostenrijk > Wintersport,Singlereis,Wintersport,Wintersport,Oostenrijk,"25-39 jaar, 30-49 jaar, 40-59 jaar",1399,,,
443,Singlereis Madeira,Tijdens deze singlereis maken we vrijwel elke dag een nieuwe adembenemende hike over de mooiste paden van Madeira. Bekijk deze wandelreis hier!,in stock,new,1769.00 EUR,https://www.estivant.nl/singlereizen/portugal/madeira/,"https://www.estivant.nl/media/5bxph15i/mick-waanders-mwjzbdl1er8-unsplash.jpg?rxy=0.4824561403508772,0.6917293233082706&width=1440&height=775&v=1dd34a1fcb96390","https://www.estivant.nl/media/qxpjv1v2/fotos-hike-bg-12.jpg,https://www.estivant.nl/media/kqujfscy/540873798_1227428232762681_6114923031227920626_n.jpg,https://www.estivant.nl/media/imtp2nm5/577036343_1290629386442565_525120534923654552_n.jpg,https://www.estivant.nl/media/4ebpynio/pexels-matej-simko-809440051-27832050.jpg,https://www.estivant.nl/media/oq3l23t2/eiland-tour-bg-50.jpg,https://www.estivant.nl/media/psehjgfy/vg-santa-cruz_exteriores_11_baixa.jpg,https://www.estivant.nl/media/szrbfanh/pexels-matej-simko-809440051-27832062.jpg,https://www.estivant.nl/media/k1hntbrb/estivant-single-vakantie-reizen-itali%C3%AB-sardini%C3%AB-zomer-2023-posada-stadje-4.jpg,https://www.estivant.nl/media/40bidadg/514343886_1176563197849185_2109708628955200884_n.jpg,https://www.estivant.nl/media/3ktpryhg/540446511_1227443316094506_5481067762716102682_n.jpg",Estivant,Singlereis > Portugal > Wandelen,Singlereis,Wandelen,Winter,Portugal,"40-59 jaar, 30-49 jaar",1769,,,
442,Singlereis Andalusië Herfstzon,Ontsnap aan de herfst met onze singlevakantie naar Andalusië! Wandel over de beroemde Caminito del Rey en bezoek Malaga. Bekijk deze groepsreis!,in stock,new,999.00 EUR,https://www.estivant.nl/singlereizen/spanje/wandelen-andalusie/,https://www.estivant.nl/media/e00jmiof/estivant-singlevakantie-winterzon-wandelvakantie-andalusi%C3%AB-nerja-zonsondergang-2.jpg?width=1440&height=775&v=1dcc6847a025c30,"https://www.estivant.nl/media/52qn5pau/caminito-del-rey_900x600.jpg,https://www.estivant.nl/media/vgwlfvvg/20190110134716-3.jpg,https://www.estivant.nl/media/bouhld2l/istock-2120368242.jpg,https://www.estivant.nl/media/qlqaqdxi/estivant-singlereizen-spanje-andalusie-nerja-2024-caminito-del-rey-2.jpg,https://www.estivant.nl/media/mlmfxxg3/romeinse-brug-sedella.jpg,https://www.estivant.nl/media/30cebuf5/4-estivant-singlevakantie-winterzon-wandelvakantie-andalusi%C3%AB-nerja-wandelen.jpg,https://www.estivant.nl/media/dqjfdwl3/2-estivant-singlevakantie-winterzon-wandelvakantie-andalusi%C3%AB-frigiliana-straten.jpg,https://www.estivant.nl/media/id2fqm5l/estivant-single-vakanties-reizen-spanje-malaga-zomer-2024.jpg,https://www.estivant.nl/media/xfvlydhj/istock-2192676041.jpg,https://www.estivant.nl/media/wnic4xpg/estivant-single-vakantie-reizen-spanje-andalusi%C3%AB-wandel-cultuur-nerja-zomer-alcazar.jpg",Estivant,Singlereis > Spanje > Wandelen,Singlereis,Wandelen,Winter,Spanje,"40-59 jaar, 50-69 jaar",999,,,
378,Singlereis Lapland,"Ga mee op singlereis naar Lapland. Maak een sneeuwscooter- en huskysledetocht, wandel door de sneeuw én spot het noorderlicht. Bekijk deze groepsreis!",in stock,new,2074.00 EUR,https://www.estivant.nl/singlereizen/zweden/lapland/,"https://www.estivant.nl/media/rhxbyxuw/istock-1124834050-2.jpg?rxy=0.4912343137557996,0.5457646284756823&width=1440&height=775&v=1dad78ecadf2340","https://www.estivant.nl/media/gmflwpww/brando-pack-ice-safari-graeme-richardson-17.jpg,https://www.estivant.nl/media/gvobfq3h/estivant-single-reis-vakantie-lapland-zweden-honden-husky-voeren.jpg,https://www.estivant.nl/media/l44a0sjm/estivant-single-reis-vakantie-lapland-zweden-natuur-sneeuw-landschap-2.jpg,https://www.estivant.nl/media/2d1luwaf/gjr_9012graemerichardson2017.jpg,https://www.estivant.nl/media/brvpwk4t/estivant-single-vakanties-reizen-lapland-zweden-winter-solo-noorderlicht-aurora-borealis-2.jpg,https://www.estivant.nl/media/s3sacobj/gjr_7443graemerichardson.jpg,https://www.estivant.nl/media/0p3hviv0/estivant-single-solo-vakantie-reizen-zweden-lapland-winter-sneeuw-sneeuwscooter-skoter.jpg,https://www.estivant.nl/media/5jdn34nd/sng-fotoslider-745-x-400-lapland.jpg,https://www.estivant.nl/media/dyljyxvo/sng-fotoslider-745-x-400-lapland-1.jpg,https://www.estivant.nl/media/ecpfubpf/estivant-single-solo-vakantie-reizen-zweden-lapland-winter-eten-skoter.jpg",Estivant,Singlereis > Zweden > Actief,Singlereis,Actief,Winter,Zweden,"40-59 jaar, 50-69 jaar",2074,,,
